[
    {
        "id": "1",
        "type": "exhibition",
        "color": "orange",
        "url": "/exhibition/test-exhibition",
        "src": {
          "entryData": {
            "project": "Creative Women: Southeast Asia",
            "dateEntryCreated": "2023-04-23",
            "dataSource": ["ukykyuk", "90"]
          },
          "exhibitionInformation": {
            "basicInformation": {
              "title": "Test Exhibition",
              "description": null,
              "exhibitionType": ["Festival", "Group", "Solo"],
              "group": [],
              "venue": []
            },
            "dataAndPlace": {
              "startDate": "1801",
              "startPrecision": "This decade",
              "startApproximate": null,
              "endDate": "2002",
              "endPrecision": "This century",
              "endApproximate": null,
              "place": "Sydney NSW, Australia",
              "location": { "lat": -33.86882, "lon": 151.209295 }
            },
            "website": null,
            "person": ["Jane Smith"]
          }
        }
      },
      {
        "id": "2",
        "type": "exhibition",
        "color": "orange",
        "url": "/exhibition/test-exhibition-2",
        "src": {
          "entryData": {
            "project": "Creative Women: Southeast Asia",
            "dateEntryCreated": "2023-04-24",
            "dataSource": ["Data 1", "Data 2", "Data 2"]
          },
          "exhibitionInformation": {
            "basicInformation": {
              "title": "Test Exhibition 2",
              "description": "hrthr",
              "exhibitionType": ["Biennale", "Fair", "Festival"],
              "group": ["876"],
              "venue": ["432", "57", "6456"]
            },
            "dataAndPlace": {
              "startDate": "1801",
              "startPrecision": "This century",
              "startApproximate": null,
              "endDate": "2023",
              "endPrecision": "This century",
              "endApproximate": "1",
              "place": "18 Rider Blvd, Rhodes NSW 2138, Australia",
              "location": { "lat": -33.833947, "lon": 151.085056 }
            },
            "website": "http://baidu.com",
            "person": ["John Doe", "Jane Smith"]
          }
        }
      },
      {
        "id": "16",
        "type": "exhibition",
        "color": "orange",
        "url": "/exhibition/test",
        "src": {
          "entryData": {
            "project": "Creative Women: Southeast Asia",
            "dateEntryCreated": "2023-05-16",
            "dataSource": ["fwefew"]
          },
          "exhibitionInformation": {
            "basicInformation": {
              "title": "Test",
              "description": null,
              "exhibitionType": ["Biennale"],
              "group": ["fwe"],
              "venue": ["fwe"]
            },
            "dataAndPlace": {
              "startDate": "1801",
              "startPrecision": "This century",
              "startApproximate": "1",
              "endDate": "2002",
              "endPrecision": "This month",
              "endApproximate": "1",
              "place": "Melbourne VIC, Australia",
              "location": { "lat": -37.813628, "lon": 144.963058 }
            },
            "website": null,
            "person": []
          }
        }
      },
      {
        "id": "28",
        "type": "exhibition",
        "color": "orange",
        "url": "/exhibition/haris-li-life",
        "src": {
          "entryData": {
            "project": "Creative Women: Southeast Asia",
            "dateEntryCreated": "2023-05-23",
            "dataSource": ["https://www.ngv.vic.gov.au/"]
          },
          "exhibitionInformation": {
            "basicInformation": {
              "title": "Haris Li: A Life",
              "description": null,
              "exhibitionType": ["Solo"],
              "group": [],
              "venue": ["NGV"]
            },
            "dataAndPlace": {
              "startDate": "2017",
              "startPrecision": "Exact",
              "startApproximate": null,
              "endDate": null,
              "endPrecision": null,
              "endApproximate": null,
              "place": "200 St Kilda Rd, Southbank VIC 3006, Australia",
              "location": { "lat": -37.822594, "lon": 144.968928 }
            },
            "website": "https://www.ngv.vic.gov.au/",
            "person": []
          }
        }
      },
      {
        "id": "29",
        "type": "exhibition",
        "color": "orange",
        "url": "/exhibition/performance-artists-melbourne",
        "src": {
          "entryData": {
            "project": "Creative Women: Southeast Asia",
            "dateEntryCreated": "2023-05-23",
            "dataSource": ["Isobel Andrews"]
          },
          "exhibitionInformation": {
            "basicInformation": {
              "title": "Performance Artists Melbourne",
              "description": "Description",
              "exhibitionType": ["Group"],
              "group": ["Performance Artists Australia"],
              "venue": ["NGV"]
            },
            "dataAndPlace": {
              "startDate": "2019",
              "startPrecision": "This year",
              "startApproximate": null,
              "endDate": "2020",
              "endPrecision": "This month",
              "endApproximate": "1",
              "place": "180 St Kilda Rd, St Kilda VIC 3006, Australia",
              "location": { "lat": -37.822794, "lon": 144.968859 }
            },
            "website": "http://example.com",
            "person": []
          }
        }
      }
]